<?xml version="1.0" encoding="UTF-8"?>
<project-private xmlns="http://www.netbeans.org/ns/project-private/1">
    <editor-bookmarks xmlns="http://www.netbeans.org/ns/editor-bookmarks/2" lastBookmarkId="0"/>
    <open-files xmlns="http://www.netbeans.org/ns/projectui-open-files/1">
        <file>file:/C:/Users/studente1/Desktop/Corsa/src/corsa/Corsa.java</file>
        <file>file:/C:/Users/studente1/Desktop/Corsa/src/corsa/Atleta.java</file>
        <file>file:/C:/Users/studente1/Desktop/Corsa/src/corsa/Giudice.java</file>
        <file>file:/C:/Users/studente1/Desktop/Corsa/src/corsa/Pista.java</file>
    </open-files>
    <open-files xmlns="http://www.netbeans.org/ns/projectui-open-files/2">
        <group>
            <file>file:/C:/Users/Studente/Desktop/Corsa/src/corsa/Corsa.java</file>
            <file>file:/C:/Users/Studente/Desktop/Corsa/src/corsa/Atleta.java</file>
            <file>file:/C:/Users/Studente/Desktop/Corsa/src/corsa/Pista.java</file>
            <file>file:/C:/Users/Studente/Desktop/Corsa/src/corsa/Giudice.java</file>
        </group>
    </open-files>
</project-private>
